Country (Name),ASFIS species (Name),FAO major fishing area (Name),Detailed production source (Name),Unit (Name),[1950],S,[1951],S,[1952],S,[1953],S,[1954],S,[1955],S,[1956],S,[1957],S,[1958],S,[1959],S,[1960],S,[1961],S,[1962],S,[1963],S,[1964],S,[1965],S,[1966],S,[1967],S,[1968],S,[1969],S,[1970],S,[1971],S,[1972],S,[1973],S,[1974],S,[1975],S,[1976],S,[1977],S,[1978],S,[1979],S,[1980],S,[1981],S,[1982],S,[1983],S,[1984],S,[1985],S,[1986],S,[1987],S,[1988],S,[1989],S,[1990],S,[1991],S,[1992],S,[1993],S,[1994],S,[1995],S,[1996],S,[1997],S,[1998],S,[1999],S,[2000],S,[2001],S,[2002],S,[2003],S,[2004],S,[2005],S,[2006],S,[2007],S,[2008],S,[2009],S,[2010],S,[2011],S,[2012],S,[2013],S,[2014],S,[2015],S,[2016],S,[2017],S,[2018],S,[2019],S
Madagascar,Albacore,"Indian Ocean, Eastern",Capture production,Tonnes - live weight,0,,0,,0,,0,,0,,0,,0,,0,,0,,0,,0,,0,,0,,0,,0,,0,,0,,0,,0,,0,,0,,0,,0,,0,,0,,0,,0,,0,,0,,0,,0,,0,,0,,0,,0,,0,,0,,0,,0,,0,,0,,0,,0,,0,,0,,0,,0,,0,,0,,0,,0,,0,,0,,0,,0,,9,,0,,0,,0,,0,,0,,0,,0,,0,,0,,0,,0,,0,,0,,0,
Madagascar,Albacore,"Indian Ocean, Western",Capture production,Tonnes - live weight,0,,0,,0,,0,,0,,0,,0,,0,,0,,0,,0,,0,,0,,0,,0,,0,,0,,0,,0,,0,,0,,0,,0,,0,,0,,0,,0,,0,,0,,0,,0,,0,,0,,0,,0,,0,,0,,0,,0,,0,,0,,0,,0,,0,,0,,0,,0,,0,,0,,0,,0,,0,,0,,9,,0,,67,,27,,33,,25,,24,,86,,61,,50,,73,,54,,73,,80,,39,,21,,25,
Madagascar,Bigeye tuna,"Indian Ocean, Eastern",Capture production,Tonnes - live weight,0,,0,,0,,0,,0,,0,,0,,0,,0,,0,,0,,0,,0,,0,,0,,0,,0,,0,,0,,0,,0,,0,,0,,0,,0,,0,,0,,0,,0,,0,,0,,0,,0,,0,,0,,0,,0,,0,,0,,0,,0,,0,,0,,0,,0,,0,,0,,0,,0,,0,,0,,0,,0,,0,,0,,15,,0,,0,,0,,0,,0,,0,,0,,0,,0,,0,,0,,0,,0,,0,
Madagascar,Bigeye tuna,"Indian Ocean, Western",Capture production,Tonnes - live weight,2,,3,,3,,3,,3,,3,,3,,4,,4,,4,,4,,4,,5,,5,,5,,5,,5,,7,,7,,8,,10,,11,,12,,13,,15,,13,,13,,14,,14,,14,,15,,15,,16,,17,,18,,19,,20,,21,,21,,21,,22,,23,,22,,24,,26,,24,,25,,26,,26,,24,,26,,26,,26,,28,,26,,164,,56,,57,,48,,49,,109,,93,,103,,105,,103,,100,,83,,57,,45,,54,
Madagascar,Black marlin,"Indian Ocean, Western",Capture production,Tonnes - live weight,0,,0,,0,,0,,0,,0,,0,,0,,0,,0,,0,,0,,0,,0,,0,,0,,0,,0,,0,,0,,0,,0,,0,,0,,0,,0,,0,,0,,0,,0,,0,,0,,0,,0,,0,,0,,0,,0,,0,,0,,0,,0,,0,,0,,0,,0,,0,,0,,0,,0,,0,,0,,0,,0,,0,,0,N,0,,0,,0,,0,,18,,7,,13,,0,...,0,...,0,,0,N,0,,0,...,0,...
Madagascar,Blue marlin,"Indian Ocean, Eastern",Capture production,Tonnes - live weight,0,,0,,0,,0,,0,,0,,0,,0,,0,,0,,0,,0,,0,,0,,0,,0,,0,,0,,0,,0,,0,,0,,0,,0,,0,,0,,0,,0,,0,,0,,0,,0,,0,,0,,0,,0,,0,,0,,0,,0,,0,,0,,0,,0,,0,,0,,0,,0,,0,,0,,0,,0,,0,,0,,0,,1,,0,,0,,0,,0,,0,,0,,0,,0,,0,,0,,0,,0,,0,,0,
Madagascar,Blue marlin,"Indian Ocean, Western",Capture production,Tonnes - live weight,0,,0,,0,,0,,0,,0,,0,,0,,0,,0,,0,,0,,0,,0,,0,,0,,0,,0,,0,,0,,0,,0,,0,,0,,0,,0,,0,,0,,0,,0,,0,,0,,0,,0,,0,,0,,0,,0,,0,,0,,0,,0,,0,,0,,0,,0,,0,,0,,0,,0,,0,,0,,0,,0,,0,,4,,0,,0,,0,,0,,0,,0,,0,,0,,0,,0,,0,,0,,0,...,0,...
Madagascar,Blue shark,"Indian Ocean, Western",Capture production,Tonnes - live weight,0,...,0,...,0,...,0,...,0,...,0,...,0,...,0,...,0,...,0,...,0,...,0,...,0,...,0,...,0,...,0,...,0,...,0,...,0,...,0,...,0,...,0,...,0,...,0,...,0,...,0,...,0,...,0,...,0,...,0,...,0,...,0,...,0,...,0,...,0,...,0,...,0,...,0,...,0,...,0,...,0,...,0,...,0,...,0,...,0,...,0,...,0,...,0,...,0,...,0,...,0,...,0,...,0,...,0,...,0,...,0,...,0,...,0,...,0,...,0,...,0,...,0,...,0,...,35,,45,,39,,36,,24,,17,,25,
Madagascar,Brine shrimp,"Indian Ocean, Western",Aquaculture production (marine),Tonnes - live weight,0,...,0,...,0,...,0,...,0,...,0,...,0,...,0,...,0,...,0,...,0,...,0,...,0,...,0,...,0,...,0,...,0,...,0,...,0,...,0,...,0,...,0,...,0,...,0,...,0,...,0,...,0,...,0,...,0,...,0,...,0,...,0,...,0,...,0,...,0,,0,,0,,0,,0,,0,,0,,0,,0,N,0,N,0,N,0,,0,,0,,0,,0,,0,,0,,0,,0,,0,,0,,0,,0,,0,,0,,0,,0,,0,,0,,0,...,0,...,0,...,0,...,0,...,0,...
Madagascar,Cephalopods nei,"Indian Ocean, Western",Capture production,Tonnes - live weight,0,...,0,...,0,...,0,...,0,...,0,...,0,...,0,...,0,...,0,...,0,...,0,...,0,...,0,...,0,...,0,...,0,...,0,...,0,...,0,...,0,,0,,0,,0,,0,,0,,0,,0,,0,,0,,0,,0,,0,,0,,0,,0,,0,,0,,20,,60,,90,,160,,180,,200,,200,,350,,500,,500,,550,,600,,600,E,600,E,600,E,700,E,800,E,900,E,1000,,1150,E,1300,E,1450,E,1600,E,1765,,6206,,1739,,2790,,1483,,2013,,3784,,8098,,9905,
Madagascar,Cichlids nei,Africa - Inland waters,Capture production,Tonnes - live weight,8000,,8000,,8000,,9000,,9000,,10000,,10000,,13000,,13000,,14000,,14000,,15000,,15000,,15000,,20000,,19000,,20000,,22000,,22000,,18000,,20000,,20000,,21000,,21600,,22300,,23000,,23000,,23000,,23000,,23000,,22837,,23100,,22500,E,21600,,19396,,20296,,23844,,23842,,23838,,18000,,18000,,18000,,18000,,21100,,21500,,21600,,21500,E,21500,E,21500,E,21500,E,21500,E,21500,E,21500,E,21500,E,22500,E,22800,E,22150,E,21330,E,20580,E,19828,E,20200,E,16500,E,10100,E,7600,E,8270,E,8953,,9546,,9470,,2372,,1061,
Madagascar,Common carp,Africa - Inland waters,Aquaculture production (freshwater),Tonnes - live weight,0,...,0,...,0,...,0,...,0,...,0,...,0,...,0,...,0,...,0,...,0,...,0,...,0,...,0,...,0,...,0,...,0,...,0,...,0,...,0,...,0,...,0,...,0,...,0,...,0,...,0,...,4,E,9,E,13,E,27,E,53,E,92,E,123,E,159,E,186,,210,,145,,156,,187,,190,E,230,,160,,1585,,1499,,2887,,3177,,2650,,6105,,2011,,2325,E,2480,E,2350,,2400,,2450,,2550,,2650,,2750,,2800,E,2800,E,2800,E,2800,E,3350,,3540,,2600,E,2600,E,2600,,2800,,3510,,36.99,,12.25,
Madagascar,Common dolphinfish,"Indian Ocean, Western",Capture production,Tonnes - live weight,0,,0,,0,,0,,0,,0,,0,,0,,0,,0,,0,,0,,0,,0,,0,,0,,0,,0,,0,,0,,0,,0,,0,,0,,0,,0,,0,,0,,0,,0,,0,,0,,0,,0,,0,,0,,0,,0,,0,,0,,0,,0,,0,,0,,0,,0,,0,,0,,0,,0,,0,,0,,0,,0,,0,,7,,4,,5,,5,,4,,53,,72,,65,,0,...,1,,7,,2,,0,,0,,0,...
Madagascar,Cyprinids nei,Africa - Inland waters,Capture production,Tonnes - live weight,3000,,3000,,3000,,4000,,4000,,5000,,5000,,4000,,4000,,4000,,5000,,5000,,6000,,8000,,10000,,10000,,10000,,11000,,12000,,10000,,10000,,11900,,12000,,12500,,13000,,13000,,13000,,13000,,13000,,13000,,10277,,9620,,9400,E,9200,,9044,,9480,,11215,,11204,,11173,,8390,,8800,,6700,,6000,,5100,,4313,,4123,,4000,E,4000,E,4000,E,4000,E,4000,E,4000,E,4000,E,4000,E,4000,E,4050,E,4000,E,3900,E,3850,E,3800,E,4100,E,3500,E,2216,E,1700,E,2200,E,2700,,2800,,3510,,2600,E,2600,E
Madagascar,Demersal percomorphs nei,"Indian Ocean, Western",Capture production,Tonnes - live weight,0,...,0,...,0,...,0,...,0,...,0,...,0,...,0,...,0,...,0,...,0,...,0,...,0,...,0,...,0,...,0,...,6000,,6000,,6000,,6000,,6000,,6000,,5800,,6600,,6900,,6700,,7300,,7500,,6300,,6100,,6615,,6000,E,4557,,0,...,0,...,0,...,0,...,0,...,0,...,0,...,0,...,0,...,0,...,0,...,0,...,0,...,0,...,0,...,0,...,0,...,0,...,0,...,0,...,0,...,0,...,0,...,0,...,0,...,0,...,0,...,0,...,0,...,0,...,0,...,0,...,0,...,0,...,0,...,0,...,0,...
Madagascar,Eucheuma seaweeds nei,"Indian Ocean, Western",Aquaculture production (marine),Tonnes - live weight,0,...,0,...,0,...,0,...,0,...,0,...,0,...,0,...,0,...,0,...,0,...,0,...,0,...,0,...,0,...,0,...,0,...,0,...,0,...,0,...,0,...,0,...,0,...,0,...,0,...,0,...,0,...,0,...,0,...,0,...,0,...,0,...,0,...,0,...,0,...,0,...,0,...,0,...,0,...,0,...,0,...,0,...,1025,,0,...,0,...,0,...,0,...,0,...,0,...,0,...,700,E,700,E,700,E,800,E,800,E,900,E,5300,,3650,,3650,,3600,,4000,E,1699,,1400,,3575,,6970,,15377,,17423,,17407.2,,5337,,8864.59,
Madagascar,Freshwater fishes nei,Africa - Inland waters,Aquaculture production (freshwater),Tonnes - live weight,0,...,0,...,0,...,0,...,0,...,0,...,0,...,0,...,0,...,0,...,0,...,0,...,0,...,0,...,0,...,0,...,0,...,0,...,0,...,0,...,0,...,0,...,0,...,0,...,0,...,0,...,0,...,0,...,0,...,0,...,0,...,0,...,0,...,0,...,0,...,0,...,0,...,0,...,0,...,0,...,0,...,0,...,0,...,0,...,0,...,0,...,0,...,0,...,0,...,0,...,0,...,0,...,0,...,0,...,0,...,0,...,0,...,0,...,0,...,0,...,0,...,0,...,0,...,0,...,0,...,0,...,0,...,5,E,10,E,15,E
Madagascar,Freshwater fishes nei,Africa - Inland waters,Capture production,Tonnes - live weight,4000,,4000,,4000,,5000,,5000,,5000,,5000,,5000,,5500,,5500,,5000,,5000,,6000,,8900,,9000,,7000,,7000,,8000,,11800,,5900,,5100,,5000,,5000,,5000,,5000,,5500,,5500,,5500,,5500,,5500,,4850,,5780,,5100,E,4500,,3870,,4060,,4760,,4760,,4760,,3595,,3160,,2800,,3500,,3800,,4187,,4277,,4500,E,4500,E,4500,E,4500,E,4500,E,4500,E,4500,E,4500,E,5000,E,5800,E,6600,E,7400,E,8200,E,9200,E,11200,E,10831,,14684,,13863,,11530,,14287,,18115,,23013,,12898,,10877,
Madagascar,Frigate and bullet tunas,"Indian Ocean, Western",Capture production,Tonnes - live weight,82,,87,,92,,97,,103,,110,,115,,121,,124,,132,,140,,146,,152,,159,,165,,172,,178,,185,,194,,204,,213,,223,,224,,222,,222,,234,,245,,251,,261,,277,,290,,304,,318,,334,,348,,362,,371,,352,,136,,140,,464,,437,,504,,522,,545,,479,,745,,577,,557,,470,,471,,529,,557,,322,,698,,518,,409,,446,,375,,359,,359,,360,,360,,360,,360,,360,,360,,360,,360,,360,
Madagascar,Giant tiger prawn,"Indian Ocean, Western",Aquaculture production (brackishwater),Tonnes - live weight,0,...,0,...,0,...,0,...,0,...,0,...,0,...,0,...,0,...,0,...,0,...,0,...,0,...,0,...,0,...,0,...,0,...,0,...,0,...,0,...,0,...,0,...,0,...,0,...,0,...,0,...,0,...,0,...,0,...,0,...,0,...,0,...,0,...,0,...,0,...,0,...,0,...,0,...,0,...,0,N,10,E,38,,30,,790,,408,,1535,,2425,,2477,,2492,,3486,,4800,,5399,,7313,,7007,,6243,,6726,,8463,,8457,,8000,,3260,,4000,E,5405,,4951.5,,5362,,4691,,3447,,4139,,5439,,4947.05,,4307.56,
Madagascar,Indo-Pacific king mackerel,"Indian Ocean, Western",Capture production,Tonnes - live weight,1,,1,,1,,1,,1,,1,,1,,1,,1,,1,,2,,2,,2,,2,,2,,2,,2,,2,,2,,2,,2,,3,,3,,3,,3,,3,,3,,3,,3,,3,,3,,3,,4,,4,,4,,4,,3,,6,,15,,16,,7,,12,,101,,107,,100,,119,,106,,144,,128,,78,,62,,40,,41,,26,,43,,49,,42,,77,,103,,99,,99,,99,,99,,99,,99,,99,,99,,99,,99,,99,
Madagascar,Indo-Pacific sailfish,"Indian Ocean, Western",Capture production,Tonnes - live weight,54,,57,,61,,64,,68,,72,,76,,80,,81,,87,,92,,96,,100,,104,,109,,113,,117,,122,,128,,134,,140,,147,,147,,146,,146,,154,,161,,165,,172,,183,,191,,200,,210,,219,,228,,238,,225,,250,,371,,460,,380,,453,,353,,333,,390,,434,,426,,802,,526,,585,,694,,785,,835,,759,,856,,925,,913,,798,,880,,843,,844,,844,,845,,849,,883,,845,,844,,843,,843,,843,
Madagascar,Indo-Pacific swamp crab,"Indian Ocean, Western",Aquaculture production (brackishwater),Tonnes - live weight,0,...,0,...,0,...,0,...,0,...,0,...,0,...,0,...,0,...,0,...,0,...,0,...,0,...,0,...,0,...,0,...,0,...,0,...,0,...,0,...,0,...,0,...,0,...,0,...,0,...,0,...,0,...,0,...,0,...,0,...,0,...,0,...,0,...,0,...,0,...,0,...,0,...,0,...,0,...,0,...,0,...,0,...,0,...,0,...,0,...,0,...,0,...,0,...,0,...,0,...,0,...,0,...,0,...,0,...,0,...,0,...,0,...,5,E,5,E,5,E,5,E,5,E,5,E,5,E,5,E,5,E,0,...,0,...,0,...,0,...
Madagascar,Kawakawa,"Indian Ocean, Western",Capture production,Tonnes - live weight,294,,312,,331,,351,,370,,391,,412,,433,,444,,472,,501,,523,,545,,568,,591,,615,,639,,664,,696,,731,,762,,801,,803,,797,,794,,839,,879,,900,,935,,996,,1040,,1092,,1142,,1195,,1245,,1296,,1115,,1472,,708,,625,,1594,,1445,,1791,,1929,,1384,,1666,,1634,,1435,,1576,,1169,,1046,,1025,,1167,,958,,1310,,1340,,1103,,1150,,1123,,1077,,1077,,1077,,1077,,1077,,1077,,1077,,1077,,1077,,1077,,1077,
Madagascar,Longtail tuna,"Indian Ocean, Western",Capture production,Tonnes - live weight,149,,158,,167,,177,,187,,198,,208,,219,,224,,239,,253,,264,,276,,287,,299,,311,,323,,336,,352,,369,,385,,405,,406,,403,,401,,424,,444,,455,,473,,503,,526,,552,,577,,604,,629,,655,,697,,611,,755,,749,,581,,579,,541,,519,,623,,942,,868,,669,,592,,706,,402,,427,,531,,622,,538,,524,,495,,936,,755,,724,,724,,724,,724,,724,,724,,724,,724,,724,,724,,724,
Madagascar,Marine crabs nei,"Indian Ocean, Western",Capture production,Tonnes - live weight,0,...,0,...,0,...,0,...,0,...,0,...,0,...,0,...,0,...,0,...,0,...,0,...,0,...,0,...,200,,200,,200,,200,,200,,300,,300,,300,,200,,200,,300,,400,,600,,550,,660,,680,,504,,460,E,395,,477,,941,,465,,444,,675,,833,,1020,,1200,,960,,849,,1085,,1300,,1300,,1000,,1000,,1500,,868,,1030,,1347,,1400,,1509,,1500,,1525,,1600,,1370,,1370,,2580,,2019,,3700,,2824,,3909,,4515,,4749,,2908,,6018,,6651,,6249,
Madagascar,Marine fishes nei,"Indian Ocean, Western",Capture production,Tonnes - live weight,550,,536,,417,,396,,272,,141,,10,,275,,210,,531,,847,,710,,70,,427,,181,,2534,,4982,,4137,,3690,,0,,0,,0,,0,,0,,0,,0,,0,,0,,0,,0,,0,,0,,3789,E,13073,,18163,,17594,,25637,,31322,,40567,,47439,,50434,,45734,,51916,,59783,,53664,,55934,,53626,,55125,,55692,,60313,,60887,,64192,,69143,,68808,,74546,,71948,,72804,,80053,,62495,,71352,,67135,,69700,E,55680,E,43756,,38343,E,53105,,70938,,73937,,54039,,43135,
Madagascar,Marine molluscs nei,"Indian Ocean, Western",Capture production,Tonnes - live weight,0,...,0,...,0,...,0,...,0,...,0,...,0,...,0,...,0,...,0,...,0,...,0,...,0,...,0,...,0,...,0,...,0,...,0,...,0,...,0,...,0,...,0,...,200,,0,N,0,N,0,N,0,N,0,N,0,N,0,N,31,,30,E,16,,44,,50,,87,,100,,100,,100,,90,,106,,320,,314,,350,,350,,350,,350,,350,,400,,400,E,400,E,400,E,400,E,400,E,400,E,400,E,400,E,380,E,360,E,340,E,320,E,300,E,290,E,300,E,222,E,1799,,5473,,5221,,7534,,12589,
Madagascar,Marine shells nei,"Indian Ocean, Western",Capture production,Tonnes - live weight,0,...,0,...,0,...,0,...,0,...,0,...,0,...,0,...,0,...,0,...,0,...,0,...,0,...,0,...,0,N,0,N,100,,100,,100,,100,,100,,100,,0,N,0,N,0,N,0,N,0,N,70,,140,,145,,43,,100,E,103,,52,,54,,43,,36,,90,,55,,95,,106,,61,,141,,76,,187,,187,,169,,156,,10,,8,,74,,32,,26,,194,,0,...,0,...,0,...,0,...,0,...,0,...,0,...,0,...,0,...,0,...,0,...,0,...,0,...,0,...,0,...,0,...
Madagascar,Marine turtles nei,"Indian Ocean, Western",Capture production,Tonnes - live weight,0,...,0,...,0,...,0,...,0,...,0,...,0,...,0,...,0,...,0,...,0,...,0,...,0,...,0,...,0,N,0,N,0,N,0,N,0,N,0,N,0,N,0,N,0,N,0,N,0,N,0,N,0,N,0,N,0,N,0,N,0,N,0,N,23,,31,,30,,27,,30,,30,,30,,30,,25,,25,,25,,20,,0,,0,,0,,0,,0,,0,,0,,0,,0,,0,,0,,0,,0,,0,,0,,0,,0,,0,,0,,0,,0,,0,,0,,0,,0,,0,...
Madagascar,"Marlins,sailfishes,etc. nei","Indian Ocean, Eastern",Capture production,Tonnes - live weight,0,,0,,0,,0,,0,,0,,0,,0,,0,,0,,0,,0,,0,,0,,0,,0,,0,,0,,0,,0,,0,,0,,0,,0,,0,,0,,0,,0,,0,,0,,0,,0,,0,,0,,0,,0,,0,,0,,0,,0,,0,,0,,0,,0,,0,,0,,0,,0,,0,,0,,0,,0,,0,,0,,0,,3,,0,,0,,0,,0,,0,,0,,0,,0,,0,,0,,0,,0,,0,,0,
Madagascar,"Marlins,sailfishes,etc. nei","Indian Ocean, Western",Capture production,Tonnes - live weight,0,,0,,0,,0,,0,,0,,0,,0,,0,,0,,0,,0,,0,,0,,0,,0,,0,,0,,0,,0,,0,,0,,0,,0,,0,,0,,0,,0,,0,,0,,0,,0,,0,,0,,0,,0,,0,,0,,0,,0,,0,,0,,0,,0,,0,,0,,0,,0,,0,,0,,0,,0,,0,,2,,0,,10,,5,,5,,3,,3,,0,,0,,0,,0,,0,,0,,0,,0,...,0,...,0,...
Madagascar,Narrow-barred Spanish mackerel,"Indian Ocean, Western",Capture production,Tonnes - live weight,523,,556,,589,,623,,659,,695,,733,,771,,789,,840,,892,,931,,970,,1011,,1052,,1094,,1137,,1181,,1238,,1300,,1355,,1424,,1427,,1418,,1413,,1492,,1563,,1601,,1663,,1771,,1851,,1942,,2032,,2125,,2214,,2305,,2454,,2150,,2977,,3048,,2052,,2114,,1820,,1649,,2047,,1716,,1691,,1927,,2326,,2947,,3330,,3342,,3200,,3831,,3260,,3649,,4123,,3691,,3924,,3762,,3762,,3762,,3762,,3762,,3762,,3762,,3762,,3762,,3762,,3762,
Madagascar,Natantian decapods nei,"Indian Ocean, Western",Capture production,Tonnes - live weight,0,...,0,...,0,...,0,...,0,...,0,...,0,...,0,...,0,...,0,...,0,...,0,...,0,...,0,...,500,,300,,1300,,1000,,1500,,2000,,3300,,4000,,4900,,5000,,4800,,5200,,5400,,6200,,5560,,4930,,4913,,5075,,5261,,5503,,6052,,6685,,7406,,9020,,7707,,7305,,9185,,10192,,9439,,8869,,12279,,9919,,10470,,10755,,11470,,10507,,12127,,11776,,13268,,13314,,11195,,9334,,9382,,16604,,6683,,7330,,6509,,4280,,9934,,13483,E,10344,E,10549,,14569,,19910,,18776,,16708,
Madagascar,Nile crocodile,Africa - Inland waters,Capture production,Number,0,...,0,...,0,...,0,...,0,...,0,...,0,...,0,...,0,...,0,...,0,...,0,...,0,...,0,...,0,...,0,...,0,...,0,...,0,...,0,...,0,...,0,...,0,...,0,...,0,...,0,...,0,...,0,...,0,...,0,...,0,...,0,...,0,...,0,...,0,...,0,...,0,...,1000,,3800,,4000,,2000,E,1204,,1344,,1909,,2800,,2411,,4589,,5814,,6520,,4302,,6606,,9408,,6936,,7300,,4760,,4850,,6660,,5550,,2640,,2450,,0,,0,,0,,0,,3,,154,,500,,0,,0,,0,
Madagascar,Nile tilapia,Africa - Inland waters,Aquaculture production (freshwater),Tonnes - live weight,0,...,0,...,0,...,0,...,0,...,0,...,0,...,0,...,0,...,0,...,0,...,0,...,0,...,0,...,0,...,0,...,0,...,0,...,0,...,0,...,0,...,0,...,0,...,0,...,0,...,0,...,0,...,0,...,0,...,0,...,0,...,0,...,0,...,0,...,0,...,0,...,0,...,0,...,0,...,0,...,0,...,0,...,0,...,0,...,0,...,0,...,0,...,0,...,0,...,0,...,0,...,0,...,0,...,10,E,10,E,20,E,20,E,30,E,30,E,30,E,50,E,50,E,50,E,907,,1163,,1220,,1600,,1880,,2372.4,,850.61,
Madagascar,Rainbow trout,Africa - Inland waters,Aquaculture production (freshwater),Tonnes - live weight,0,...,0,...,0,...,0,...,0,...,0,...,0,...,0,...,0,...,0,...,0,...,0,...,0,...,0,...,0,...,0,...,0,...,0,...,0,...,0,...,0,...,0,...,0,...,0,...,0,...,0,...,0,...,0,...,0,...,0,...,0,...,0,...,0,...,0,...,0,...,0,N,0,N,0,N,2,,0,N,0,N,0,N,0,N,0,N,0,N,0,N,0,N,0,N,0,N,0,N,0,N,0,N,0,N,0,N,0,N,0,N,0,N,0,N,0,,0,,0,,4,,0,...,89,,0,...,0,...,0,...,0,...,0,...,0,...
Madagascar,Red seaweeds,"Indian Ocean, Western",Capture production,Tonnes - live weight,500,,500,,500,,500,,1000,,1000,,1000,,1000,,1000,,1000,,1500,,1500,,1500,,1500,,1500,,1500,,1500,,1500,,2000,,2000,,3000,,3000,,3000,,3800,,1700,,200,,0,N,0,N,0,N,0,N,0,N,0,N,0,N,50,E,50,E,50,E,45,,76,,167,,63,,100,,220,,285,,423,,702,,787,,787,,800,,800,,800,,800,,800,,800,,1000,,1000,,1000,,1000,,800,,800,,800,,800,,815,,800,E,800,E,800,E,800,E,800,E,800,E,800,E,800,E
Madagascar,River eels nei,Africa - Inland waters,Aquaculture production (freshwater),Tonnes - live weight,0,...,0,...,0,...,0,...,0,...,0,...,0,...,0,...,0,...,0,...,0,...,0,...,0,...,0,...,0,...,0,...,0,...,0,...,0,...,0,...,0,...,0,...,0,...,0,...,0,...,0,...,0,...,0,...,0,...,0,...,0,...,0,...,0,...,0,...,0,...,0,...,0,...,0,...,0,...,0,...,0,...,0,...,0,...,0,...,0,...,0,...,0,...,0,...,0,...,0,...,0,...,0,...,0,...,0,...,0,...,0,...,0,...,0,...,0,...,20,E,30,E,30,E,40,E,10,,10,E,20.21,,0,...,0,...,14.62,,0.4,
Madagascar,Sandfish,"Indian Ocean, Western",Aquaculture production (marine),Tonnes - live weight,0,...,0,...,0,...,0,...,0,...,0,...,0,...,0,...,0,...,0,...,0,...,0,...,0,...,0,...,0,...,0,...,0,...,0,...,0,...,0,...,0,...,0,...,0,...,0,...,0,...,0,...,0,...,0,...,0,...,0,...,0,...,0,...,0,...,0,...,0,...,0,...,0,...,0,...,0,...,0,...,0,...,0,...,0,...,0,...,0,...,0,...,0,...,0,...,0,...,0,...,0,...,0,...,0,...,0,...,0,...,0,...,0,...,0,...,0,...,0,,0,,0,,0,,0,,0,,25,,36,,98.8,,50,E,50,E
Madagascar,Sea cucumbers nei,"Indian Ocean, Western",Aquaculture production (marine),Tonnes - live weight,0,...,0,...,0,...,0,...,0,...,0,...,0,...,0,...,0,...,0,...,0,...,0,...,0,...,0,...,0,...,0,...,0,...,0,...,0,...,0,...,0,...,0,...,0,...,0,...,0,...,0,...,0,...,0,...,0,...,0,...,0,...,0,...,0,...,0,...,0,...,0,...,0,...,0,...,0,...,0,...,0,...,0,...,0,...,0,...,0,...,0,...,0,...,0,...,0,...,0,...,0,...,0,...,0,...,0,...,0,...,0,...,1,E,1,E,1,E,1,E,1,E,1,E,1,E,1,E,1,E,0,,0,,0,...,0,...,0,...
Madagascar,Sea cucumbers nei,"Indian Ocean, Western",Capture production,Tonnes - live weight,0,...,0,...,0,...,0,...,0,...,0,...,0,...,0,...,0,...,0,...,0,...,0,...,0,...,0,...,900,,900,,900,,900,,900,,900,,900,,900,,0,...,0,...,0,...,300,,0,...,330,,420,,360,,213,,150,E,60,,33,,201,,78,,102,,171,,354,,330,,609,,1800,,1269,,1350,,5400,,5400,,5400,,5400,,1446,,1500,,1500,,1500,,500,,500,E,600,E,700,E,820,,835,E,850,E,865,E,880,E,890,,699,,2561,,2121,,1598,,535,,922,,853,,1150,
Madagascar,"Sharks, rays, skates, etc. nei","Indian Ocean, Eastern",Capture production,Tonnes - live weight,0,,0,,0,,0,,0,,0,,0,,0,,0,,0,,0,,0,,0,,0,,0,,0,,0,,0,,0,,0,,0,,0,,0,,0,,0,,0,,0,,0,,0,,0,,0,,0,,0,,0,,0,,0,,0,,0,,0,,0,,0,,0,,0,,0,,0,,0,,0,,0,,0,,0,,0,,0,,0,,0,,0,,1,,0,,0,,0,,0,,0,,0,,0,,0,,0,,0,,0,,0,,0,,0,
Madagascar,"Sharks, rays, skates, etc. nei","Indian Ocean, Western",Capture production,Tonnes - live weight,605,,642,,681,,721,,761,,803,,846,,890,,912,,970,,1030,,1075,,1121,,1167,,1215,,1263,,1313,,1395,,1477,,1561,,1675,,1790,,1821,,1849,,1875,,1902,,1970,,2041,,2110,,2214,,2324,,2621,,3003,,3381,,3758,,4141,,4394,,4860,,5013,,4834,,5156,,5411,,5969,,5824,,6258,,5257,,5829,,5809,,5788,,5756,,5736,,5735,,5730,,5728,,5725,,5725,,5717,,5668,,5616,,5616,,5699,,5670,,5665,,5615,,5615,,5615,,5615,,5615,,5615,,285,
Madagascar,Shortbill spearfish,"Indian Ocean, Western",Capture production,Tonnes - live weight,0,,0,,0,,0,,0,,0,,0,,0,,0,,0,,0,,0,,0,,0,,0,,0,,0,,0,,0,,0,,0,,0,,0,,0,,0,,0,,0,,0,,0,,0,,0,,0,,0,,0,,0,,0,,0,,0,,0,,0,,0,,0,,0,,0,,0,,0,,0,,0,,0,,0,,0,,0,,0,,0,N,0,,0,,0,,0,N,1,,1,,0,,0,,0,,0,,0,,0,N,0,N,0,,0,...,0,...
Madagascar,Skipjack tuna,"Indian Ocean, Western",Capture production,Tonnes - live weight,77,,82,,87,,92,,97,,103,,108,,114,,117,,124,,132,,138,,143,,149,,155,,161,,168,,205,,230,,251,,309,,354,,381,,5373,,10899,,2019,,393,,427,,434,,429,,459,,478,,502,,524,,554,,584,,616,,663,,646,,651,,674,,716,,695,,740,,815,,759,,782,,819,,816,,757,,803,,829,,830,,823,,812,,740,,779,,794,,779,,834,,834,,834,,834,,835,,835,,834,,834,,834,,834,,834,
Madagascar,Southern bluefin tuna,"Indian Ocean, Western",Capture production,Tonnes - live weight,0,,0,,0,,0,,0,,0,,0,,0,,0,,0,,0,,0,,0,,0,,0,,0,,0,,0,,0,,0,,0,,0,,0,,0,,0,,0,,0,,0,,0,,0,,0,,0,,0,,0,,0,,0,,0,,0,,0,,0,,0,,0,,0,,0,,0,,0,,0,,0,,0,,0,,0,,0,,0,,0,,0,,0,,0,,0,,0,,0,,0,,1,,0,,0,,0,,0,,0,,0,,0,,0,...
Madagascar,Striped marlin,"Indian Ocean, Eastern",Capture production,Tonnes - live weight,0,,0,,0,,0,,0,,0,,0,,0,,0,,0,,0,,0,,0,,0,,0,,0,,0,,0,,0,,0,,0,,0,,0,,0,,0,,0,,0,,0,,0,,0,,0,,0,,0,,0,,0,,0,,0,,0,,0,,0,,0,,0,,0,,0,,0,,0,,0,,0,,0,,0,,0,,0,,0,,0,,0,,1,,0,,0,,0,,0,,0,,0,,0,,0,,0,,0,,0,,0,,0,,0,
Madagascar,Striped marlin,"Indian Ocean, Western",Capture production,Tonnes - live weight,0,,0,,0,,0,,0,,0,,0,,0,,0,,0,,0,,0,,0,,0,,0,,0,,0,,0,,0,,0,,0,,0,,0,,0,,0,,0,,0,,0,,0,,0,,0,,0,,0,,0,,0,,0,,0,,0,,0,,0,,0,,0,,0,,0,,0,,0,,0,,0,,0,,0,,0,,0,,0,,0,,0,,2,,0,,0,,0,,0,,0,,6,,10,,9,,9,,12,,14,,10,,7,,4,
Madagascar,Swordfish,"Indian Ocean, Eastern",Capture production,Tonnes - live weight,0,,0,,0,,0,,0,,0,,0,,0,,0,,0,,0,,0,,0,,0,,0,,0,,0,,0,,0,,0,,0,,0,,0,,0,,0,,0,,0,,0,,0,,0,,0,,0,,0,,0,,0,,0,,0,,0,,0,,0,,0,,0,,0,,0,,0,,0,,0,,0,,0,,0,,0,,0,,0,,0,,0,,4,,0,,0,,0,,0,,0,,0,,0,,0,,0,,0,,0,,0,,0,,0,
Madagascar,Swordfish,"Indian Ocean, Western",Capture production,Tonnes - live weight,0,,0,,0,,0,,0,,0,,0,,0,,0,,0,,0,,0,,0,,0,,0,,0,,0,,0,,0,,0,,0,,0,,0,,0,,0,,0,,0,,0,,0,,0,,0,,0,,0,,0,,0,,0,,0,,0,,0,,0,,0,,0,,0,,0,,0,,0,,0,,0,,0,,0,,0,,0,,0,,24,,0,,116,,50,,48,,43,,41,,99,,87,,73,,45,,36,,45,,44,,31,,21,,23,
Madagascar,Tilapias nei,Africa - Inland waters,Aquaculture production (freshwater),Tonnes - live weight,0,...,0,...,0,...,0,...,0,...,0,...,0,...,0,...,0,...,0,...,0,...,0,...,0,...,0,...,0,...,0,...,0,...,0,...,0,...,0,...,0,...,0,...,0,...,0,...,0,...,0,...,0,...,0,...,0,...,0,...,0,...,0,...,4,E,9,E,4,,74,,36,,38,,42,,40,E,40,E,0,N,0,N,0,N,0,N,0,N,0,N,0,N,0,N,0,N,0,N,0,N,0,N,0,N,0,N,0,N,0,,0,,0,,0,,0,,0,,0,,0,,0,...,0,...,0,...,0,...,0,...,0,...
Madagascar,Tropical spiny lobsters nei,"Indian Ocean, Western",Capture production,Tonnes - live weight,0,...,0,...,0,...,0,...,0,...,0,...,0,...,0,...,0,...,0,...,0,...,0,...,0,...,0,...,0,N,0,N,0,N,0,N,0,N,100,,100,,100,,100,,100,,100,,100,,150,,110,,80,,45,,54,,60,E,63,,86,,131,,83,,234,,189,,341,,321,,310,,442,,554,,358,,390,,390,,390,,390,,341,,338,,329,,359,,400,,436,,450,,500,,550,,380,,450,,432,,367,,354,,240,,582,,349,,389,,326,,843,,825,,978,
Madagascar,Wahoo,"Indian Ocean, Western",Capture production,Tonnes - live weight,0,,0,,0,,0,,0,,0,,0,,0,,0,,0,,0,,0,,0,,0,,0,,0,,0,,0,,0,,0,,0,,0,,0,,0,,0,,0,,0,,0,,0,,0,,0,,0,,0,,0,,0,,0,,0,,0,,0,,0,,0,,0,,0,,0,,0,,0,,0,,0,,0,,0,,0,,0,,0,,0,N,0,,0,,0,,0,N,0,N,0,N,1,,1,,1,,0,...,0,...,0,N,0,N,0,,0,...,0,...
Madagascar,Yellowfin tuna,"Indian Ocean, Eastern",Capture production,Tonnes - live weight,0,,0,,0,,0,,0,,0,,0,,0,,0,,0,,0,,0,,0,,0,,0,,0,,0,,0,,0,,0,,0,,0,,0,,0,,0,,0,,0,,0,,0,,0,,0,,0,,0,,0,,0,,0,,0,,0,,0,,0,,0,,0,,0,,0,,0,,0,,0,,0,,0,,0,,0,,0,,0,,0,,0,,34,,0,,0,,0,,0,,0,,0,,0,,0,,0,,0,,0,,0,,0,,0,
Madagascar,Yellowfin tuna,"Indian Ocean, Western",Capture production,Tonnes - live weight,63,,66,,71,,75,,79,,83,,88,,92,,94,,100,,107,,111,,116,,121,,126,,130,,136,,166,,186,,203,,250,,287,,309,,892,,1531,,503,,318,,345,,351,,348,,372,,387,,407,,424,,448,,473,,499,,536,,522,,527,,545,,579,,563,,599,,660,,614,,633,,663,,661,,612,,650,,671,,671,,677,,657,,783,,664,,668,,646,,690,,744,,737,,721,,716,,734,,747,,736,,703,,697,,715,
Totals - Tonnes - live weight,,,,,17900,,18000,,18000,,21100,,21600,,23600,,23600,,26000,,26500,,28000,,29500,,30500,,32000,,37400,,46000,,45300,,56000,,59100,,64700,,50063,,53901,,56745,,57733,,65916,,71399,,61983,,60943,,62471,,61089,,60525,,57461,,58061,,59605,,63644,,67618,,69309,,84428,,92594,,101340,,98039,,103880,,99381,,107471,,117049,,120615,,121339,,120506,,125929,,119708,,124249,,128947,,132864,,140538,,140937,,145519,,143944,,151227,,163521,,135750,,141819,,140524,,137614,,128062.5,,117146,,111261,,137445.21,,168331,,189946,,142336.06,,128982.41,
Totals - Number,,,,,0,,0,,0,,0,,0,,0,,0,,0,,0,,0,,0,,0,,0,,0,,0,,0,,0,,0,,0,,0,,0,,0,,0,,0,,0,,0,,0,,0,,0,,0,,0,,0,,0,,0,,0,,0,,0,,1000,,3800,,4000,,2000,,1204,,1344,,1909,,2800,,2411,,4589,,5814,,6520,,4302,,6606,,9408,,6936,,7300,,4760,,4850,,6660,,5550,,2640,,2450,,0,,0,,0,,0,,3,,154,,500,,0,,0,,0,
FAO. 2021. Fishery and Aquaculture Statistics. Global production by production source 1950-2019 (FishstatJ). In: FAO Fisheries Division [online]. Rome. Updated 2021. www.fao.org/fishery/statistics/software/fishstatj/en
